id,first_name,last_name,email,Country,Password,Username
admin,admin,admin,admin@admin.ad,admin,admin123,admin
1,Ode,Broderick,obroderick0@slate.com,Indonesia,0uC32wVsKA,obroderick0
2,Brig,Petersen,bpetersen1@dot.gov,Portugal,GB4znf,bpetersen1
3,Barris,Balsom,bbalsom2@illinois.edu,Russia,JrRT3Hl,bbalsom2
4,Wynn,Castagneto,wcastagneto3@flickr.com,Colombia,563Gz1wM3L,wcastagneto3
5,Leora,Allett,lallett4@arizona.edu,Japan,3L8O4FfN,lallett4
6,Urbano,Balloch,uballoch5@webs.com,Germany,80B3zs8Bz9,uballoch5
7,Norene,Shulem,nshulem6@businesswire.com,Brazil,sZc31yYi,nshulem6
8,Stan,Purse,spurse7@usda.gov,Canada,IbzY24OBj4M,spurse7
9,Gherardo,Ackery,gackery8@shutterfly.com,Indonesia,T4FLYDWs,gackery8
10,Giraldo,MacParland,gmacparland9@fda.gov,China,FTSUpDySMT,gmacparland9
